"","Acidification","Ecotoxicity","Eutrophication","Global Warming","Ozone Depletion","Photochemicaloxidation","Carcinogenic","Non Carcinogenic","Respiratory Effects","material"
"graphite",47001617.3528709,9061.16155292581,53383.5873613989,219381516.610759,0.00527453746041444,930402.516734922,27.1357964311445,534299.936018227,42428.0924537396,"graphite"
"molybdenum",353502627.186212,23470175.1029406,31334.0009392828,146344197.037954,0,662583.521011485,585.490709986119,32891991.0854942,30015.4901137657,"molybdenum"
"graphene",71841181.3718071,9343971.3637814,6328.20836643676,7168257.76257666,0.2760162,1559.98683700629,49019.3900842,955142168.828296,340888.600650243,"graphene"
