"","Acidification","Ecotoxicity","Eutrophication","Global Warming","Ozone Depletion","Photochemicaloxidation","Carcinogenic","Non Carcinogenic","Respiratory Effects","material"
"graphite",36990059.8913765,29.7612730688401,40917.2496580754,219252871.086946,0.000114271297466932,929804.831377422,0.587174814704573,4341.77018473647,42356.215689204,"graphite"
"molybdenum",353493024.382662,23470175.1029406,31323.3788571353,146287276.024197,0,662342.131382672,585.490709986119,32891991.0854942,30004.4941362452,"molybdenum"
"graphene",71841166.478047,9343971.3637814,6328.19189179563,7168169.47920042,0.2760162,1559.61244642513,49019.3900842,955142168.828296,340888.583595697,"graphene"
