"","Acidification","Ecotoxicity","Eutrophication","Global Warming","Ozone Depletion","Photochemicaloxidation","Carcinogenic","Non Carcinogenic","Respiratory Effects","material"
"graphite",39036210.195243,2014.18783992045,43458.0774853385,219537279.699026,0.0012237629761838,931009.978054877,7.18868700949823,130605.692199143,42426.933558114,"graphite"
"molybdenum",355392428.249465,23713974.0088427,31535.795245617,148198661.693577,0,663891.827750175,1856.69760364982,56809648.1764646,38810.9544782172,"molybdenum"
"graphene",76117932.9780275,9851675.8369758,7058.95703394123,16202101.2851122,0.2760162,10945.7379392452,51701.9147969,1007115988.22592,359864.871701706,"graphene"
