"","Acidification","Ecotoxicity","Eutrophication","Global Warming","Ozone Depletion","Photochemicaloxidation","Carcinogenic","Non Carcinogenic","Respiratory Effects","material"
"graphite",38898615.0726615,2014.18783992045,43305.8774858595,218721678.939795,0.0012237629761838,927551.19277444,7.18868700949823,130605.692199143,42269.3761461449,"graphite"
"molybdenum",355300264.455774,23713974.0088427,31433.8488314664,147652357.008513,0,661575.068500079,1856.69760364982,56809648.1764646,38705.4195687029,"molybdenum"
"graphene",76117790.0337906,9851675.8369758,7058.79891705183,16201253.9772575,0.2760162,10942.144691075,51701.9147969,1007115988.22592,359864.70801913,"graphene"
