"","Acidification","Ecotoxicity","Eutrophication","Global Warming","Ozone Depletion","Photochemicaloxidation","Carcinogenic","Non Carcinogenic","Respiratory Effects","material"
"graphite",39039362.2722713,2014.18783992045,43461.5641359774,219555963.765504,0.0012237629761838,931089.213113677,7.18868700949824,130605.692199142,42430.5429382257,"graphite"
"molybdenum",355394539.569776,23713974.0088427,31538.1306696068,148211176.631722,0,663944.900878607,1856.69760364982,56809648.1764646,38813.3721087097,"molybdenum"
"graphene",76117936.2526439,9851675.8369758,7058.96065613804,16202120.6955359,0.2760162,10945.8202546267,51701.9147969,1007115988.22592,359864.875451403,"graphene"
