"","Acidification","Ecotoxicity","Eutrophication","Global Warming","Ozone Depletion","Photochemicaloxidation","Carcinogenic","Non Carcinogenic","Respiratory Effects","material"
"graphite",39101287.704264,2014.18783992045,43530.0625721152,219923029.315513,0.0012237629761838,932645.858208665,7.18868700949823,130605.692199143,42501.4525069427,"graphite"
"molybdenum",355436018.385531,23713974.0088427,31584.0122068149,148457044.021405,0,664987.570957992,1856.69760364982,56809648.1764646,38860.86866774,"molybdenum"
"graphene",54290701.4872293,7038155.9467073,5144.96552610261,12956953.2138038,0.2762136,8483.10979057536,38045.934736,719384777.194381,256618.295492735,"graphene"
