"","material","depletion","cost","performance","developmentrisk"
"1","graphite",0.524053900025196,0.0870362744579257,1,1
"2","molybdenum",922792.457426818,0.148615805147533,2,0
"3","graphene",-2484.16858323259,0.112072715930792,1,2
