"","material","depletion","cost","performance","developmentrisk"
"1","graphite",0.524053900025196,0.0870362744579257,-0.015,1
"2","molybdenum",922792.457426818,0.148615805147533,0,0
"3","graphene",-2484.05662636951,0.0984072024016087,-0.034,2
