"","material","depletion","cost"
"1","graphite",2.25872328281979,0.435117040049293
"2","molybdenum",922792.457426818,0.129036023327134
"3","graphene",-2484.16858323259,0.0756050285188695
