"","material","depletion","cost"
"1","graphite",0.034166682482774,0.00925627094959921
"2","molybdenum",922792.457426818,0.129004025963541
"3","graphene",0.034166682482774,0.0758375662413709
