"","material","depletion","cost"
"1","graphite",0.0489345733315363,0.00925548404083733
"2","molybdenum",922792.457426818,0.129009635683692
"3","graphene",-2484.16858323259,0.0758099739913093
