"","Acidification","Ecotoxicity","Eutrophication","Global Warming","Ozone Depletion","Photochemicaloxidation","Carcinogenic","Non Carcinogenic","Respiratory Effects"
"graphite",0.0013933026550513,7.87927091558765e-08,6.58060851898319e-06,2.96491280932609e-05,2.15287243282222e-11,2.21536509261775e-06,0.00319244663895818,9.7145442912405,5.72890511396614e-06
"molybdenum",0.0126253267855314,0.00102044239578003,4.74866910666877e-06,1.97814677371785e-05,0,1.57797020842878e-06,0.344406299991834,2990.1810077722,4.05715665553946e-06
"graphene",0.00256575683887698,0.000406259624512235,9.58821145002392e-07,9.68691585137752e-07,5.63298367346939e-09,3.714859871136e-09,28.8349353436471,86831.1062571178,4.60660286803687e-05
