"","Acidification","Ecotoxicity","Eutrophication","Global Warming","Ozone Depletion","Photochemicaloxidation","Carcinogenic","Non Carcinogenic","Respiratory Effects"
"graphite",0.00139085079540193,8.75733843443676e-08,6.56907320467214e-06,2.95931954692413e-05,2.49747546159959e-11,2.21116091606941e-06,0.0042286394173519,11.8732447453766,5.71907324344544e-06
"molybdenum",0.0126903766101875,0.00103104234821055,4.76777932783639e-06,1.99772765793991e-05,0,1.57699105989926e-06,1.09217506097048,5164.51347058769,5.23514774452459e-06
"graphene",0.00271849417851619,0.000428333732042426,1.06952285859467e-06,2.18939626516626e-06,5.63298367346939e-09,2.60555363360616e-08,30.412891057,91555.9989296295,4.86303732158679e-05
