"","Acidification","Ecotoxicity","Eutrophication","Global Warming","Ozone Depletion","Photochemicaloxidation","Carcinogenic","Non Carcinogenic","Respiratory Effects"
"graphite",0.00167862919117396,3.93963545779383e-07,8.08842232748468e-06,2.96461508933458e-05,1.07643621641111e-10,2.2152440874641e-06,0.0159622331947909,48.5727214562025,5.73352600726211e-06
"molybdenum",0.012625093828079,0.00102044239578003,4.74757589989134e-06,1.97762428429668e-05,0,1.57757981193211e-06,0.344406299991834,2990.1810077722,4.05614731267104e-06
"graphene",0.00256575647756454,0.000406259624512235,9.58819449460116e-07,9.68683481429279e-07,5.63298367346939e-09,3.7142543738245e-09,28.8349353436471,86831.1062571178,4.60660271148977e-05
