"","Acidification","Ecotoxicity","Eutrophication","Global Warming","Ozone Depletion","Photochemicaloxidation","Carcinogenic","Non Carcinogenic","Respiratory Effects"
"graphite",2.35157892742428e-05,1.52589987872762e-09,4.30277994904341e-06,3.11400396736207e-05,2.71947328040844e-11,3.18839033580437e-05,1.55936811485862e-11,2.97507271524243e-10,2.49570197400671e-06
"molybdenum",0.000214091824246666,1.79651318248808e-05,3.12235596491257e-06,2.10210867650463e-05,0,2.27360214982937e-05,4.02754360878486e-09,1.29406943454361e-07,2.28299732224807e-06
"graphene",4.58541764927877e-05,7.46339078558773e-06,6.98906637023884e-07,2.29817039505138e-06,6.13369333333333e-09,3.74854039015247e-07,1.12151658995445e-07,2.29411386839618e-06,2.11685218648062e-05
