"","acidification","ecotoxicity","eutrophication","globalwarming","ozonedepletion","photochemicaloxidation","carcinogenics","non.carcinogenics","respiratory.effects"
"graphite",2.34329006461816e-05,1.52589987872762e-09,4.28771064216431e-06,3.10243516226659e-05,2.71947328040844e-11,3.17654518073438e-05,1.55936811485862e-11,2.97507271524243e-10,2.4864338909497e-06
"molybdenum",0.000214036303889021,1.79651318248808e-05,3.11226226054123e-06,2.09435967387961e-05,0,2.26566804280849e-05,4.02754360878486e-09,1.29406943454361e-07,2.27678938639429e-06
"graphene",4.58540903818016e-05,7.46339078558773e-06,6.9889098188632e-07,2.29805020954008e-06,6.13369333333333e-09,3.7473098257106e-07,1.12151658995445e-07,2.29411386839618e-06,2.11685122364194e-05
