"","Acidification","Ecotoxicity","Eutrophication","Global Warming","Ozone Depletion","Photochemicaloxidation","Carcinogenic","Non Carcinogenic","Respiratory Effects"
"graphite",0.00132107356754916,1.29396839429739e-09,6.19958328152658e-06,2.96287663631008e-05,2.33206729524351e-12,2.2138210270891e-06,0.00034539694982622,0.394706380430588,5.72381293097351e-06
"molybdenum",0.0126247508708094,0.00102044239578003,4.74596649350534e-06,1.97685508140807e-05,0,1.57700507472065e-06,0.344406299991834,2990.1810077722,4.05466136976286e-06
"graphene",0.00256575594564454,0.000406259624512235,9.58816953302368e-07,9.68671551243301e-07,5.63298367346939e-09,3.71336296767889e-09,28.8349353436471,86831.1062571178,4.60660248102293e-05
