"","Acidification","Ecotoxicity","Eutrophication","Global Warming","Ozone Depletion","Photochemicaloxidation","Carcinogenic","Non Carcinogenic","Respiratory Effects"
"graphite",0.00131912762115409,1.29396839429739e-09,6.19045147755987e-06,2.9585121637626e-05,2.33206729524351e-12,2.21055995667637e-06,0.00034539694982622,0.394706380430588,5.71538166124494e-06
"molybdenum",0.0126234474394179,0.00102044239578003,4.73984983994214e-06,1.97393167584041e-05,0,1.57482074859707e-06,0.344406299991834,2990.1810077722,4.04901394717083e-06
"graphene",0.00255803244675617,0.000404881800196522,9.05434987219899e-07,9.66036488358704e-07,1.55673469387755e-11,3.60077169592924e-09,27.9543378344118,86449.2717230343,4.5929598670566e-05
