"","Acidification","Ecotoxicity","Eutrophication","Global Warming","Ozone Depletion","Photochemicaloxidation","Carcinogenic","Non Carcinogenic","Respiratory Effects"
"graphite",2.35549925929301e-05,1.52589987872762e-09,4.30990718535794e-06,3.11947559312784e-05,2.71947328040844e-11,3.19399266509817e-05,1.55936811485862e-11,2.97507271524243e-10,2.50008544158487e-06
"molybdenum",0.000214118083364778,1.79651318248808e-05,3.12712992146682e-06,2.10577367406248e-05,0,2.27735469506162e-05,4.02754360878486e-09,1.29406943454361e-07,2.28593345104353e-06
"graphene",3.27052418597767e-05,5.33193632326311e-06,5.09402527336893e-07,1.83786570408565e-06,6.13808e-09,2.90517458581348e-07,8.25291425943601e-08,1.63868969748151e-06,1.50951938525138e-05
